name,website,industry,employees,city,country,linkedin,short_description,tags,founded,product_leaders_found,opportunity
Wales & West Housing,http://www.wwha.co.uk,nonprofit organization management,440,Cardiff,United Kingdom,http://www.linkedin.com/company/wwha,,"community support, tenancy support, hr, communications, extra care",1965,None,HIGH - No product leadership
Aardman,http://www.aardman.com,animation,420,Bristol,United Kingdom,http://www.linkedin.com/company/aardman,,"post production, online, interactive, tv, animation production",1976,None,HIGH - No product leadership
BGI,http://www.wearebgi.com,staffing & recruiting,420,Cardiff,United Kingdom,http://www.linkedin.com/company/we-are-bgi,,"talent service, recruitment consultancy, sector experts, staff development, neutral vendor",2007,None,HIGH - No product leadership
Hafod,http://www.hafod.org.uk,nonprofit organization management,410,Cardiff,United Kingdom,http://www.linkedin.com/company/the-hendre-group,,"domiciliary care, building affordable housing, nursing, human resources, supporting vulnerable adults",1968,None,HIGH - No product leadership
7 Steel UK,http://www.7steeluk.com,mechanical or industrial engineering,370,Cardiff,United Kingdom,http://www.linkedin.com/company/7steeluk,,"steel, rebar, recycling, circular economy, manufacturing",2003,None,HIGH - No product leadership
Immersive,http://www.immersivelabs.com,computer & network security,350,Bristol,United Kingdom,http://www.linkedin.com/company/immersive-labs-limited,,"development platform, coding, cyber labs, application security, practical assessments",2017,None,HIGH - No product leadership
Veezu,http://www.veezu.co.uk,logistics & supply chain,330,Cardiff,United Kingdom,http://www.linkedin.com/company/veezu,,"private hire, transportation, logistics, supply chain & storage, on-demand mobility, safety and compliance, multi-modal booking",2013,None,HIGH - No product leadership
ACT Ltd,http://www.acttraining.org.uk,government administration,300,Cardiff,United Kingdom,http://www.linkedin.com/company/act-training,,"jobs growth wales, higher apprenticeships, work ready, traineeships, essential skills",1988,None,HIGH - No product leadership
Rise Technical,http://www.risetechnical.co.uk,staffing & recruiting,270,Bristol,United Kingdom,http://www.linkedin.com/company/rise-technical-recruitment-ltd,,"recruitment, contract, permanent, engineering, tech recruiting",2005,None,HIGH - No product leadership
Best Practice Network,http://www.bestpracticenet.co.uk,education management,250,Bristol,United Kingdom,http://www.linkedin.com/school/the-best-practice-network,,"special education needs, school leaders, school business manager, teaching assistant, headteacher",2000,None,HIGH - No product leadership
Curtis Banks,http://www.curtisbanks.co.uk,financial services,250,Bristol,United Kingdom,http://www.linkedin.com/company/curtis-banks-plc,,"sipp, ssas, selfinvested personal pensions, group pensions, retirement",2009,None,HIGH - No product leadership
Peter Alan Ltd,http://www.peteralan.co.uk,real estate,250,Cardiff,United Kingdom,http://www.linkedin.com/company/peter-alan-ltd,,"distinctive homes pa black, auctions, lettings, land new homes, mortgages",1965,None,HIGH - No product leadership
Sonovate,http://www.sonovate.com,financial services,230,Cardiff,United Kingdom,http://www.linkedin.com/company/sonovate,,"contractor finance, timesheets, compliance, consultancies, workflow automation",2013,None,HIGH - No product leadership
Sponge,http://www.spongelearning.com,management consulting,210,Bristol,United Kingdom,http://www.linkedin.com/company/spongelearning,,"elearning, motion graphics, lms solutions, interactive video, communication campaigns",2004,None,HIGH - No product leadership
Pharmacy Plus Limited,http://www.pharmacyplus.co.uk,pharmaceuticals,210,Bristol,United Kingdom,http://www.linkedin.com/company/pharmacy-plus-limited,,"pharmacy, care homes, patient safety, medicines management, pharmaceutical manufacturing",1994,None,HIGH - No product leadership
Allen & Harris Estate Agents,http://www.allenandharris.co.uk,real estate,210,Cardiff,United Kingdom,http://www.linkedin.com/company/allen-&-harris-estate-agents,,"property management software, 24/7 bidding, estate agents, modern auction method, land sale advice",,None,HIGH - No product leadership
Radiodetection Ltd,http://www.radiodetection.com,electrical/electronic manufacturing,190,Bristol,United Kingdom,http://www.linkedin.com/company/radiodetection,,"dehydrators for telecoms, video inspection systems for utilities, utility avoidance, cable avoidance tools, tdr cable test",1977,None,HIGH - No product leadership
SMS Environmental Ltd,http://www.sms-environmental.co.uk,environmental services,190,Cardiff,United Kingdom,http://www.linkedin.com/company/sms-environmental-ltd,,"water wastewater treatment, cleaning disinfecting water systems, air conditioning installation & maintenance, control of legionella bacteria, dosage amp control equipment supply & installation",2001,None,HIGH - No product leadership
Huntleigh Healthcare,http://www.huntleigh-diagnostics.com,medical devices,180,Cardiff,United Kingdom,http://www.linkedin.com/company/huntleigh-healthcare,,"fetal monitoring, patient monitoring, lymphoedema, vascular assessment, vascular treatment",,None,HIGH - No product leadership
iO Associates,http://www.ioassociates.com,staffing & recruiting,170,Bristol,United Kingdom,http://www.linkedin.com/company/ioassociates,,"rpo, energy recruitment, engineering recruitment, defence recruitment, sow",2015,None,HIGH - No product leadership
Ogi,http://www.ogi.wales,telecommunications,170,Cardiff,United Kingdom,http://www.linkedin.com/company/ogiwales,,"public building wifi, superfast broadband, fttc community solutions, leased lines, fttp",2005,None,HIGH - No product leadership
Comtec (Europe) Ltd,,information technology & services,170,Cardiff,United Kingdom,http://www.linkedin.com/company/comtec,,"software solutions for the travel industry, software development, information technology & services",1995,None,HIGH - No product leadership
Limbs & Things,http://www.limbsandthings.com,medical devices,160,Bristol,United Kingdom,http://www.linkedin.com/company/limbs-&-things,,"surgical simulators, medical models, task trainers, healthcare simulation, medical equipment manufacturing",1990,None,HIGH - No product leadership
Rowden,http://www.rowdentech.com,information technology & services,150,Bristol,United Kingdom,http://www.linkedin.com/company/rowden,,"system design, technology services, autonomous systems, digital solutions, software development",2017,None,HIGH - No product leadership
Stirling Dynamics,http://www.stirling-dynamics.com,aviation & aerospace,150,Bristol,United Kingdom,http://www.linkedin.com/company/stirling-dynamics,,"control systems, research & development, condition monitoring, cabin layout management, marine technical services",1987,None,HIGH - No product leadership
Snap Analytics,http://www.snapanalytics.co.uk,information technology & services,150,Bristol,United Kingdom,http://www.linkedin.com/company/snap-analytics,,"sap data services, business intelligence, cloud migration, snowflake, data vault",2019,None,HIGH - No product leadership
HEOR,http://www.heor.co.uk,research,150,Cardiff,United Kingdom,http://www.linkedin.com/company/health-economics-and-outcomes-research-ltd,,"health technology assessment, economic modelling, real world data, education & training, disease models",2011,None,HIGH - No product leadership
Linc Cymru,http://www.linc-cymru.co.uk,nonprofit organization management,150,Cardiff,United Kingdom,http://www.linkedin.com/company/linc-cymru,,"extra care housing, nursing home care, dementia care, independant living, palliative care",1977,None,HIGH - No product leadership
The Wave,http://www.thewave.com,sports,140,Bristol,United Kingdom,http://www.linkedin.com/company/the-wave-uk,,"community engagement, education, inland surf destination development, leisure & tourism development, susutainability",2010,None,HIGH - No product leadership
Squarcle,http://www.squarcle.ai,management consulting,140,Bristol,United Kingdom,http://www.linkedin.com/company/squarcleconsulting,,"strategy & transformation, applied data science, application development, supply chain & operational excellence, business consulting & services",2020,None,HIGH - No product leadership
Webgains Global | B Corp,http://www.webgains.com,marketing & advertising,130,Bristol,United Kingdom,http://www.linkedin.com/company/webgains,,"digital marketing, performance marketing network, cpa advertising, affiliate marketing, ecommerce optimisation",2005,None,HIGH - No product leadership
Techmodal,http://www.techmodal.com,information technology & services,130,Bristol,United Kingdom,http://www.linkedin.com/company/techmodal-uk,,"large language models, strategic planning, cyber wargaming, consultancy, policy digital twin",2005,None,HIGH - No product leadership
HFMA,http://www.hfma.org.uk,nonprofit organization management,130,Bristol,United Kingdom,http://www.linkedin.com/school/hfma-uk,,"thought leadership, education, professional development, healthcare, financial management",1950,None,HIGH - No product leadership
Centre for Sustainable Energy,http://www.cse.org.uk,civic & social organization,130,Bristol,United Kingdom,http://www.linkedin.com/company/centre-for-sustainable-energy,,"energy advice, research, energy policy, sustainable energy, fuel poverty",1979,None,HIGH - No product leadership
Nomensa,http://www.nomensa.com,information technology & services,130,Bristol,United Kingdom,http://www.linkedin.com/company/nomensa,,"user research, usability, accessibility, user experience design, information architecture",2001,None,HIGH - No product leadership
FIS Software,,information technology & services,130,Cardiff,United Kingdom,http://www.linkedin.com/company/fis-software,,"life pensions & annuities policy administration systems, software development, information technology & services",,None,HIGH - No product leadership
Taxi Studio,http://www.taxistudio.com,design,120,Bristol,United Kingdom,http://www.linkedin.com/company/taxi-studio,,"corporate design, npd, brand guidelines, digital design, digital communications",2002,None,HIGH - No product leadership
Osprey Group,http://www.osprey.group,information technology & services,120,Bristol,United Kingdom,http://www.linkedin.com/company/ospreygroup,,"marine contracting, nuclear energy, epci, qhse, project management",1995,None,HIGH - No product leadership
Alder King Property Consultants,http://www.alderking.com,real estate,120,Bristol,United Kingdom,http://www.linkedin.com/company/alder-king,,"property facilities management, business rates, residential development land, asset recovery, energy",1911,None,HIGH - No product leadership
The Pixel,http://www.thepixel.com,information technology & services,110,Bristol,United Kingdom,http://www.linkedin.com/company/the-pixel,,"omnichannel, training, adobe commerce cloud, adobe analytics, adobe edge delivery services",2001,None,HIGH - No product leadership
ELEVATE,http://www.thinkelevate.com,marketing & advertising,110,Bristol,United Kingdom,http://www.linkedin.com/company/elevate,,"data management, data analytics, crm management, key account growth, crm",1995,None,HIGH - No product leadership
LDMS,http://www.ldms.com,information technology & services,110,Cardiff,United Kingdom,http://www.linkedin.com/company/ldms,,"credit management software, it services & it consulting, information technology, workflow automation, end-to-end credit lifecycle management",1991,None,HIGH - No product leadership
Cardiff Community Housing Association,http://www.ccha.org.uk,nonprofit organization management,110,Cardiff,United Kingdom,http://www.linkedin.com/company/cardiff-community-housing-association,,"finance ict, lift, care amp repair, customer support services, development",1996,None,HIGH - No product leadership
Auroch Digital Ltd,http://www.aurochdigital.com,computer games,88,Bristol,United Kingdom,http://www.linkedin.com/company/auroch-digital-ltd,,"video games, games jams, board games, real to digital games, design",2010,None,HIGH - No product leadership
RedRock Consulting,http://www.redrockconsulting.co.uk,information technology & services,87,Bristol,United Kingdom,http://www.linkedin.com/company/redrock-consulting,,"recruitment & staffing, technology solutions, cloud services, service transition, web development",2005,None,HIGH - No product leadership
Clue Software,http://www.cluesoftware.com,information technology & services,87,Bristol,United Kingdom,http://www.linkedin.com/company/cluesoftware,,"wildlife crime, animal crime, organised crime, incident management, intelligence",1987,None,HIGH - No product leadership
Test and Verification Solutions,http://www.alpinumconsulting.com,semiconductors,87,Bristol,United Kingdom,http://www.linkedin.com/company/test-and-verification-solutions,,"security testing, embedded software testing, offshoring, safety critical software testing, compliance testing",2008,None,HIGH - No product leadership
SCL - Society for Computers and Law,http://www.scl.org,legal services,85,Bristol,United Kingdom,http://www.linkedin.com/company/scl-society-for-computers-and-law-,,"tech law, quantum technology, it law, training & development, digital media",1973,None,HIGH - No product leadership
YTL Developments (UK) Limited,http://www.ytldevelopments.co.uk,real estate,83,Bristol,United Kingdom,http://www.linkedin.com/company/ytl-developments-uk-limited,,"b2b, commercial property, retail, urban regeneration, large-scale infrastructure",,None,HIGH - No product leadership
E-International Relations,http://www.e-ir.info,online media,80,Bristol,United Kingdom,http://www.linkedin.com/company/e-international-relations,,"political science, international relations, war & peace, international political economy, academia",2007,None,HIGH - No product leadership
TRIA,http://www.triarecruitment.com,management consulting,79,Bristol,United Kingdom,http://www.linkedin.com/company/tria-recruitment,,"strategy & advisory, cybersecurity, data services, digital transformation, managed staffing services",2015,None,HIGH - No product leadership
Inaccess by Power Factors,http://www.3megawatt.com,semiconductors,79,Bristol,United Kingdom,http://www.linkedin.com/company/inaccess,,"utilities, infrastructure monitoring control, renewables environment, infrastructure monitoring amp control, renewables amp environment",2000,None,HIGH - No product leadership
StorMagic,http://www.stormagic.com,information technology & services,79,Bristol,United Kingdom,http://www.linkedin.com/company/stormagic,,"hci, technology, enterprise storage, synchronous mirroring, virtual sans",2006,None,HIGH - No product leadership
MuchBetter,http://www.muchbetter.com,financial services,78,Bristol,United Kingdom,http://www.linkedin.com/company/mir-muchbetter,,"send money, store money, contactless tap, digital wallet, encryption",2017,None,HIGH - No product leadership
Ligtas Consultancy & Training,http://www.ligtas.co.uk,management consulting,77,Cardiff,United Kingdom,http://www.linkedin.com/company/ligtas-limited,,"bespoke health & safety training, health & safety training, construction safety, health & safety management procedures, health & safety",2019,None,HIGH - No product leadership
TrakCel,http://www.trakcel.com,information technology & services,77,Cardiff,United Kingdom,http://www.linkedin.com/company/trakcel,,"regenerative therapy risk mitigation, regenerative therapy logistics, chain of custody, chain of identity, supply chain management",2012,None,HIGH - No product leadership
Tremorfa,http://www.tremorfa.com,construction,77,Castleton,United Kingdom,http://www.linkedin.com/company/tremorfa-ltd,,"fire detection alarms, gates barriers, fire alarms, electrical engineering, physical security",1984,None,HIGH - No product leadership
Group SCS,http://www.groupscs.co.uk,construction,75,Cardiff,United Kingdom,http://www.linkedin.com/company/group-scs,,"control systems, ventilation products, smoke control, bms bems, building automation",1992,None,HIGH - No product leadership
The Institute of Asset Management,http://www.theiam.org,professional training & coaching,73,Bristol,United Kingdom,http://www.linkedin.com/company/the-iam,,"publications resources, events conferences, qualifications, knowledge creation, publications amp resources",1994,None,HIGH - No product leadership
Armadillo - A Bond Company,http://www.armadillocrm.com,marketing & advertising,73,Bristol,United Kingdom,http://www.linkedin.com/company/armadillo-crm,,"customer experience, crm, data planning, branding, creative",1991,None,HIGH - No product leadership
EXPEDITE,http://www.expediteps.com,construction,71,Cardiff,United Kingdom,http://www.linkedin.com/company/expediteps,,"structural engineering, quantity surveying, principal designer, building services, civil engineering",2014,None,HIGH - No product leadership
Evolve IP,http://www.evolveip.uk,telecommunications,70,Rhoose,United Kingdom,http://www.linkedin.com/company/evolve-ip-global,,"cloud computing, voip, unifed communications, contact centers, enterprise software",2009,None,HIGH - No product leadership
Atlantic Pacific Marine Ltd,http://www.atlanticpacific.co,information technology & services,69,Cardiff,United Kingdom,http://www.linkedin.com/company/atlantic-pacific-marine-ltd,,"dry dock maintenance, inservice repair, cruise liner refurbishments, sewerage system installs, marine pipework",2010,None,HIGH - No product leadership
Xledger UK,,information technology & services,68,Bristol,United Kingdom,http://www.linkedin.com/company/xledger-uk,,"erp, true cloud, banking cash management, finance management, notforprofit erp",2000,None,HIGH - No product leadership
Flourish CRM,http://www.flourishworld.com,marketing & advertising,68,Bristol,United Kingdom,http://www.linkedin.com/company/flourish-customer-journey-marketing,,"integrated campaigns, acquisitions, crm agency, marketing, direct mail",2004,None,HIGH - No product leadership
Proctor + Stevenson,http://www.proctorsgroup.com,marketing & advertising,67,Bristol,United Kingdom,http://www.linkedin.com/company/proctorsbristol,,"identity, branding, b2b, webflow, strategy planning",1979,None,HIGH - No product leadership
One Big Circle Ltd,http://www.onebigcircle.co.uk,information technology & services,66,Bristol,United Kingdom,http://www.linkedin.com/company/one-big-circle-ltd,,"integration, integrated transport systems, video, consulting, ai",2017,None,HIGH - No product leadership
Atamis,http://www.atamis.co.uk,information services,62,Rhoose,United Kingdom,http://www.linkedin.com/company/atamis,,"procurement spend analysis, data cleansing, contract management, asset register, spend analytics",2009,None,HIGH - No product leadership
Academy of Medical Educators,http://www.medicaleducators.org,"health, wellness & fitness",62,Cardiff,United Kingdom,http://www.linkedin.com/company/academy-of-medical-educators,,"physician associate education, dental education, medical education, veterinary education, wellness & fitness services",2006,None,HIGH - No product leadership
Open Bionics,http://www.openbionics.com,medical devices,61,Bristol,United Kingdom,http://www.linkedin.com/company/openbionics,,"robotic hardware, prosthetics & orthotics, mechanical engineering, bio medical engineering, medical technology",2014,None,HIGH - No product leadership
Source Insurance,http://www.thesource.co.uk,insurance,61,Cardiff,United Kingdom,http://www.linkedin.com/company/source-insurance-ltd,,"insurance, insurance software, financial intermediary insurance services, online quotation system, mortgage broker services",1993,None,HIGH - No product leadership
Agored Cymru,http://www.agored.cymru,government administration,60,Cardiff,United Kingdom,http://www.linkedin.com/company/agoredcymru,,"apprenticeship, higher education, training, learning, professional development",2009,None,HIGH - No product leadership
Inspiretec,http://www.inspiretec.com,information technology & services,59,Cardiff,United Kingdom,http://www.linkedin.com/company/inspiretecltd,,"travel industry cxm, tour operator crm, travel website design, travel management software, ai",1995,None,HIGH - No product leadership
ARCA,http://www.arcaresourcing.com,management consulting,58,Bristol,United Kingdom,http://www.linkedin.com/company/arca-resourcing-ltd,,"dos, executive search, healthcare, cad, battery",2021,None,HIGH - No product leadership
Medi2data,http://www.medi2data.com,information technology & services,58,Cardiff,United Kingdom,http://www.linkedin.com/company/medi2data,,"insurtech, patient data, compliant, primary care, nhs",2017,None,HIGH - No product leadership
Spindogs,http://www.spindogs.co.uk,information technology & services,56,Cardiff,United Kingdom,http://www.linkedin.com/company/spindogs,,"integrations, sitecore, social media, web applications, cro",2004,None,HIGH - No product leadership
Book Creator from Kami,http://www.bookcreator.com,e-learning,55,Bristol,United Kingdom,http://www.linkedin.com/company/bookcreator,,"windows, ebooks, apps, education, edtech",2011,None,HIGH - No product leadership
Jugo,http://www.jugo.io,information technology & services,54,Bristol,United Kingdom,http://www.linkedin.com/company/jugoimpact,,"fan engagement, technology, deal room, ai meeting intelligence, trust building",2022,None,HIGH - No product leadership
Mondaq,http://www.mondaq.com,information technology & services,54,Bristol,United Kingdom,http://www.linkedin.com/company/mondaq-ltd,,"publishing seo optimization, online marketing, distribution, business insight, data",1994,None,HIGH - No product leadership
Delio,http://www.deliogroup.com,financial services,53,Cardiff,United Kingdom,http://www.linkedin.com/company/delio,,"investment banking, private asset reporting, private market data analytics, alternative investment technology, private assets distribution",2016,None,HIGH - No product leadership
Box UK,http://www.boxuk.com,information technology & services,52,Cardiff,United Kingdom,http://www.linkedin.com/company/box-uk,,"software development, website development, user experience, information architecture, content management systems",1998,None,HIGH - No product leadership
Nextage & BridgeBlue Pakistan,http://www.nextageconsultant.pk,higher education,51,Bristol,United Kingdom,http://www.linkedin.com/company/bridgeblue-pakistan,,"canada study visa process, research and internship opportunities, usa opt and cpt support, ai-driven insights, canada permanent residency pathways",2017,None,HIGH - No product leadership
RT Consulting,http://www.rtc.co.uk,management consulting,51,Bristol,United Kingdom,http://www.linkedin.com/company/rtconsultinguk,,"change management, transport, pmo, local government, software development",1980,None,HIGH - No product leadership
Mypinpad,http://www.mypinpad.com,financial services,51,Cardiff,United Kingdom,http://www.linkedin.com/company/mypinpad-ltd,,"identity management, authentication, pin services, technology & mobile payments, b2b",2012,None,HIGH - No product leadership
Stable,http://www.stable.co.uk,information technology & services,50,Cardiff,United Kingdom,http://www.linkedin.com/company/thestableteam,,"systems integrator, specialist technical consultancy, security, cyber, defence",2001,None,HIGH - No product leadership
NEXA Properties,,real estate,48,Cardiff,United Kingdom,http://www.linkedin.com/company/nexa-properties,,"estate agents, stylish student acomodation, property investment, property selling, real estate",2017,None,HIGH - No product leadership
Phasecraft,http://www.phasecraft.io,information technology & services,47,Bristol,United Kingdom,http://www.linkedin.com/company/phasecraft,,"quantum computing, technology, information & internet, quantum research publications, quantum hamiltonian simulation, fermionic encodings",2019,None,HIGH - No product leadership
CareScribe,http://www.carescribe.io,information technology & services,47,Bristol,United Kingdom,http://www.linkedin.com/company/carescribeltd,,"software development, information technology & services",2018,None,HIGH - No product leadership
Ocean Blue Software Ltd.,http://www.oceanbluesoftware.co.uk,information technology & services,46,Bristol,United Kingdom,http://www.linkedin.com/company/oceanbluesoftware,,"testing, dvbnip, hbbtv test, dtvkit, stb manufacturers",2005,None,HIGH - No product leadership
Changing Social,http://www.changingsocial.com,information technology & services,46,Bristol,United Kingdom,http://www.linkedin.com/company/changing-social,,"adoption, innovation, microsoft teams, delve, fasttrack",2016,None,HIGH - No product leadership
EMSEC,http://www.emsec.uk,computer & network security,46,Bristol,United Kingdom,http://www.linkedin.com/company/emsec,,"uav countermeasures, custom filter banks, research and development in the physical, engineering, and life sciences, rf hardware development, b2b",2022,None,HIGH - No product leadership
Cooke & Arkwright,http://www.coark.com,real estate,46,Cardiff,United Kingdom,http://www.linkedin.com/company/cooke-&-arkwright,,"agency, property & asset management, consultancy, property research, valuations",1900,None,HIGH - No product leadership
FlyForm,http://www.flyform.com,information technology & services,45,Cardiff,United Kingdom,http://www.linkedin.com/company/flyform,,"highly regulated, itbm, csm, government, servicenow resale",2017,None,HIGH - No product leadership
Techsol,http://www.techsol.co.uk,information technology & services,44,Cardiff,United Kingdom,http://www.linkedin.com/company/techsol-group-limited,,"erp, managed it services, crm solutions, accounting solutions, information technology specialists",1996,None,HIGH - No product leadership
Conexus,http://www.conexusdx.com,staffing & recruiting,43,Cardiff,United Kingdom,http://www.linkedin.com/company/conexusdx,,"data analytics, software engineering, analytics, cyber security, automation",,None,HIGH - No product leadership
Built Intelligence,http://www.builtintelligence.com,information technology & services,41,Bristol,United Kingdom,http://www.linkedin.com/company/builtintelligence,,"consultancy, subject matter mentoring, fidic, training, mentoring",2012,None,HIGH - No product leadership
Inductosense,http://www.inductosense.com,oil & energy,41,Bristol,United Kingdom,http://www.linkedin.com/company/inductosense,,"oil amp gas, infrastructure, digitalization, plant integrity, corrosion monitoring",2015,None,HIGH - No product leadership
"intY, a Giacom company",http://www.inty.com,information technology & services,41,Bristol,United Kingdom,http://www.linkedin.com/company/intyltd,,"cloud computing, microsoft office 365, microsoft azure, symantec cloud, cloud back up",1997,None,HIGH - No product leadership
DeSL,http://www.desl.net,information technology & services,41,Cardiff,United Kingdom,http://www.linkedin.com/company/desl,,"product development process, srm, apparel development, digital merchandising, footwear product development",2002,None,HIGH - No product leadership
Circle,http://www.circleit.co.uk,information technology & services,41,Cardiff,United Kingdom,http://www.linkedin.com/company/circleitsolutions,,"networking, it infrastructure, it security, disaster recovery, managed support",2002,None,HIGH - No product leadership
Industore Limited,http://www.industore.co.uk,machinery,41,Cardiff,United Kingdom,http://www.linkedin.com/company/industore,,"automated storage retrieval, warehouse space saving, labour cost reduction, increasing stock traceability, automated storage",1996,None,HIGH - No product leadership
Real Time Consultants,http://www.realtimeconsultants.co.uk,staffing & recruiting,40,Bristol,United Kingdom,http://www.linkedin.com/company/real-time-consultants-limited,,"regtech, start ups, recruitment, executive, atm",1980,None,HIGH - No product leadership
Matter.,http://www.matter.industries,information technology & services,40,Bristol,United Kingdom,http://www.linkedin.com/company/matterindustries,,"microfibres, plastic recycling, micropollutants, industrial solutions, clean water",2018,None,HIGH - No product leadership
bedigital,http://www.bedigitaluk.com,information technology & services,40,Cardiff,United Kingdom,http://www.linkedin.com/company/bedigitaluk,,"ai services, cloud, technology asset management, agile, software asset management",2014,None,HIGH - No product leadership
Community Housing Cymru,http://www.chcymru.org.uk,nonprofit organization management,40,Cardiff,United Kingdom,http://www.linkedin.com/company/community-housing-cymru,,"welfare reform, renewable energy, pr communications, regulation, rural housing",,None,HIGH - No product leadership
Advanced Secure Technologies | B Corp™,http://www.advancedsecure.co.uk,information technology & services,39,Cardiff,United Kingdom,http://www.linkedin.com/company/advanced-secure-technologies-ltd,,"secure payment worflow, cheque security, secure document issuing, secure print, secure software",2004,None,HIGH - No product leadership
Atomic Theory,http://www.atomictheory.gg,computer games,39,Cardiff,United Kingdom,http://www.linkedin.com/company/atomictheorygg,,"unreal, unity, prototypes, game ai, player mechanics",2023,None,HIGH - No product leadership
Assured Insights,http://www.assuredinsights.com,information technology & services,39,Cardiff,United Kingdom,http://www.linkedin.com/company/assureddata,,"aws, power bi, business intelligence, redshift, qlik",,None,HIGH - No product leadership
Tramshed Tech,http://www.tramshedtech.co.uk,information technology & services,37,Cardiff,United Kingdom,http://www.linkedin.com/company/tramshed-tech,,"creative industries, offices, tech industries, collaborative working, coworking",2016,None,HIGH - No product leadership
Butterfly Data,http://www.butterflydata.co.uk,information technology & services,37,Cardiff,United Kingdom,http://www.linkedin.com/company/butterflydata,,"data engineering, system migration, data privacy, public sector, coding",2003,None,HIGH - No product leadership
TechEx Events,http://www.techexevent.com,events services,36,Bristol,United Kingdom,http://www.linkedin.com/company/techex-events,,"intelligent automation, unified communications, sustainability, event, edge computing",,None,HIGH - No product leadership
Flexys,http://www.flexys.com,information technology & services,35,Bristol,United Kingdom,http://www.linkedin.com/company/flexys-solutions,,"machine learning, scala, contact centre, debt management, automation",2016,None,HIGH - No product leadership
Cambrian Alliance Group,http://www.cambrianalliance.co.uk,pharmaceuticals,35,Cardiff,United Kingdom,http://www.linkedin.com/company/cambrian-alliance,,"pharmaceuticals, medicines, wholesalers, generics, pis",2000,None,HIGH - No product leadership
BaseKit | B Corp™,http://www.basekit.com,online media,34,Bristol,United Kingdom,http://www.linkedin.com/company/basekit,,"build a website, create a website, ecommerce, website builder, bookings software",2008,None,HIGH - No product leadership
Rosenfield Health,http://www.rosenfieldhealth.com,hospital & health care,34,Cardiff,United Kingdom,http://www.linkedin.com/company/rosenfieldhealth,,"teaching files, reporting quality, ai, medical imaging, workflow intelligence",2016,None,HIGH - No product leadership
Rant,http://www.rantbmx.com,information technology & services,33,Cardiff,United Kingdom,http://www.linkedin.com/company/rantagency,,"iphone, ios, mobile app development, ipad, android app development",2003,None,HIGH - No product leadership
Method4,http://www.method4.co.uk,information technology & services,33,Cardiff,United Kingdom,http://www.linkedin.com/company/method4,,"microsoftnet, web application development, information management systems, umbraco, collaborative solutions",2005,None,HIGH - No product leadership
Six | B Corp™,http://www.six.agency,design,32,Bristol,United Kingdom,http://www.linkedin.com/company/-sixagency,,"user experience, build, content, strategy & planning, advertising",1994,None,HIGH - No product leadership
Ware,,information technology & services,32,Rhoose,United Kingdom,http://www.linkedin.com/company/wareplatform,,"software development, machine learning, blockchain integration, fraud detection, data analytics",2019,None,HIGH - No product leadership
Moonraker VFX,http://www.moonrakervfx.com,media production,31,Bristol,United Kingdom,http://www.linkedin.com/company/moonraker-vfx,,"title sequences, musuem experiences, immersive, visual effects, vfx",2017,None,HIGH - No product leadership
AMPLYFI,http://www.amplyfi.com,information technology & services,31,Cardiff,United Kingdom,http://www.linkedin.com/company/amplyfi,,"artificial intelligence, deep learning, big data, data mining, analytics",2015,None,HIGH - No product leadership
CREO,http://www.creo.co.uk,design,31,Cardiff,United Kingdom,http://www.linkedin.com/company/creo-interactive-ltd,,"mobile app development, graphic design, integrated agency, digital marketing, social media solutions",1999,None,HIGH - No product leadership
Data Cubed,http://www.data-cubed.com,information technology & services,29,Bristol,United Kingdom,http://www.linkedin.com/company/data-cubed-limited,,"token sale marketing, data architecture, etl, machine learning, automation",2017,None,HIGH - No product leadership
Learna | StudyPRN,http://www.studyprn.com,e-learning,29,Cardiff,United Kingdom,http://www.linkedin.com/company/learna-studyprn,,"palliative, endocrinology, gastroenterology, respiratory, oncology",2014,None,HIGH - No product leadership
i-act (for positive mental health and wellbeing) training. Mental Health Training,http://www.i-act.co.uk,"health, wellness & fitness",29,Cardiff,United Kingdom,http://www.linkedin.com/company/i-act-training,,"training, mental health, mental health awareness, workplace mental health training, wellbeing training",,None,HIGH - No product leadership
SCG Wales & West,http://www.scgwales.com,telecommunications,29,Rhoose,United Kingdom,http://www.linkedin.com/company/scgwales,,"fixed line, broadband amp data, telephone systems, innovative technology, cloud phone systems",2007,None,HIGH - No product leadership
Sotic,,information technology & services,28,Cardiff,United Kingdom,http://www.linkedin.com/company/sotic,,"website development, sports industry, newsletter solutions, crm, websites for the sports industry",2002,None,HIGH - No product leadership
People Source Consulting trading as Experis,http://www.peoplesource.co.uk,staffing & recruiting,26,Bristol,United Kingdom,http://www.linkedin.com/company/people-source-consulting,,"technology, telecommunications, ehealthcare, consultancy, it engineering",2002,None,HIGH - No product leadership
OC Robotics | A GE Aerospace Company,,mechanical or industrial engineering,26,Bristol,United Kingdom,http://www.linkedin.com/company/oc-robotics,,"automation, software, robotics, rd, aerospace",1997,None,HIGH - No product leadership
Procorre,http://www.procorre.com,management consulting,26,Bristol,United Kingdom,http://www.linkedin.com/company/procorre,,"professional services consultancy, project services, project management, human capital management, consultants",2007,None,HIGH - No product leadership
TITAN PMR,http://www.titanpmr.com,pharmaceuticals,26,Bristol,United Kingdom,http://www.linkedin.com/company/titanpmr,,"technology, it, healthcare, pharmacy, pharmaceutical manufacturing",2015,None,HIGH - No product leadership
Renewable Exchange,http://www.renewable.exchange,renewables & environment,26,Bristol,United Kingdom,http://www.linkedin.com/company/renewable-exchange,,"feed in tariff, renewable obligation certificates, renewable obligation, regos, renewable generation",2016,None,HIGH - No product leadership
Durell Software,http://www.durell.co.uk,information technology & services,25,Bristol,United Kingdom,http://www.linkedin.com/company/durell-software,,"brokers, underwriting platform, back office administration, comprehensive policy management, customizable user interfaces",1983,None,HIGH - No product leadership
Yoello,http://www.yoello.com,hospitality,25,Cardiff,United Kingdom,http://www.linkedin.com/company/yoello,,"marketing, split payments, mobile ordering, pointofsale, nightlife",2017,None,HIGH - No product leadership
SEIMAF UK,http://www.seimaf.com,information technology & services,24,Bristol,United Kingdom,http://www.linkedin.com/company/seimaf-uk-part-of-capgemini,,"engineering, mechanical engineering, nuclear, civil engineering, energy",1994,None,HIGH - No product leadership
Net Consulting,http://www.netconsulting.co.uk,information technology & services,24,Cardiff,United Kingdom,http://www.linkedin.com/company/netconsultingltd,,"network performance management, application performance management, cyber security, network capacity planning, penetration testing",2006,None,HIGH - No product leadership
Wishbone Games,http://www.wishbone-games.com,gambling & casinos,24,Cardiff,United Kingdom,http://www.linkedin.com/company/wishbone-games,,"html5 development, css, slots, licensed games, typescript",,None,HIGH - No product leadership
IE Hub,http://www.iehub.co.uk,information technology & services,23,Cardiff,United Kingdom,http://www.linkedin.com/company/iehub,,"personal data management, regtech, income expense, sfs, collections",2018,None,HIGH - No product leadership
Codiance,http://www.codiance.com,information technology & services,23,Cardiff,United Kingdom,http://www.linkedin.com/company/codiance,,"platforms, crm, machine learning, mobile apps, enterprise solutions",2010,None,HIGH - No product leadership
ITSUS Consulting,http://www.itsusconsulting.com,telecommunications,23,Cardiff,United Kingdom,http://www.linkedin.com/company/itsus-consulting-limited,,"b2b, information technology and services, digital transformation programmes, bespoke security solutions, cloud services",2008,None,HIGH - No product leadership
saintnicks,http://www.saintnicks.uk.com,marketing & advertising,22,Bristol,United Kingdom,http://www.linkedin.com/company/saintnicks,,"employer branding, uxui, ecrm, campaign management, social media marketing",2012,None,HIGH - No product leadership
Wildscreen,http://www.wildscreen.org,nonprofit organization management,22,Bristol,United Kingdom,http://www.linkedin.com/company/wildscreen,,"festivals, conservation, biodiversity, wildlife photography, wildlife",1982,None,HIGH - No product leadership
Intelligent Ultrasound,http://www.intelligentultrasound.com,medical devices,22,Rhoose,United Kingdom,http://www.linkedin.com/company/intelligentultrasound,,"ultrasound, medical simulation, ultrasound education, clinical education, professional development",2004,None,HIGH - No product leadership
LettUs Grow,http://www.lettusgrow.com,farming,21,Bristol,United Kingdom,http://www.linkedin.com/company/lettus-grow,,"food tech, vertical farming, farming software, indoor agriculture, sustainable farming",2015,None,HIGH - No product leadership
Unseen Studio®,http://www.unseen.co,design,21,Bristol,United Kingdom,http://www.linkedin.com/company/un-seen-studio,,"web development, immersive digital, graphic design, product design, video production",2010,None,HIGH - No product leadership
Tigerbay,http://www.tigerbay.co.uk,information technology & services,21,Cardiff,United Kingdom,http://www.linkedin.com/company/tigerbay,,"tour operators systems, document management systems, content management systems, tour operator websites, it services & it consulting",2009,None,HIGH - No product leadership
5V Video,http://www.weare5vvideo.com,staffing & recruiting,20,London,United Kingdom,http://www.linkedin.com/company/5vvideo,,"tv, iptv, software, rdk, broadcast technology",2022,None,HIGH - No product leadership
DMWF,http://www.digitalmarketing-conference.com,events services,20,Bristol,United Kingdom,http://www.linkedin.com/company/dmwf,,"community management, marketing and advertising, marketing solutions, marketing strategy, influencer marketing",2012,None,HIGH - No product leadership
Concentric Health,http://www.concentric.health,hospital & health care,20,Cardiff,United Kingdom,http://www.linkedin.com/company/concentrichealth,,"clinical decision support, surgery, medicine, clinical informatics, shared decision making",2017,None,HIGH - No product leadership
Pemari - A Division of Rego Consulting,http://www.pemari.com,information technology & services,20,Cardiff,United Kingdom,http://www.linkedin.com/company/pemari-consulting,,"crystal reports, business objects, sql server, clarity, clarity ppm",2007,None,HIGH - No product leadership
Media Cymru,http://www.media.cymru,information technology & services,20,Cardiff,United Kingdom,http://www.linkedin.com/company/mediacymru,,"technology, information & media, media skills for future, virtual production, media & entertainment, media diversity initiatives",2022,None,HIGH - No product leadership
PharmacyX,http://www.pharmacyx.com,information technology & services,19,Cardiff,United Kingdom,http://www.linkedin.com/company/pharmacyx,,"it services & it consulting, jit stock management, robotic pharmacy integration, customer engagement, pharmacy automation",,None,HIGH - No product leadership
Revoco,http://www.revoco-talent.co.uk,staffing & recruiting,18,Bristol,United Kingdom,http://www.linkedin.com/company/revoco,,"talent acquisition, talent management, rpo, outsourcing, tech recruitment",2017,None,HIGH - No product leadership
Bristol Creative Industries,http://www.bristolcreativeindustries.com,marketing & advertising,18,Bristol,United Kingdom,http://www.linkedin.com/company/bristolcreativeindustries,,"small business workshops, training workshops, inspirational speakers, searchable online member directory, vision conference",2005,None,HIGH - No product leadership
Your Apartment,http://www.yourapartment.com,hospitality,18,Bristol,United Kingdom,http://www.linkedin.com/company/your-apartment-uk,,"relocation services, business travel, shortterm lets, luxury travel, serviced apartments",2017,None,HIGH - No product leadership
SmallSpark,http://www.smallspark.space,information technology & services,18,Cardiff,United Kingdom,http://www.linkedin.com/company/smallspark,,"machine learning, spacecraft computers, autonomy, artificial intelligence, data processing",2020,None,HIGH - No product leadership
iCoTech Services,http://www.icotechservices.co.uk,information technology & services,18,Rhoose,United Kingdom,http://www.linkedin.com/company/icotech-services,,"o365, power bi, risk management, project online implementation partner, p3m maturity assessment",2018,None,HIGH - No product leadership
FitPro Lead Generation,http://www.fitproleadgen.com,marketing & advertising,18,Cardiff,United Kingdom,http://www.linkedin.com/company/fitpro-web-design,,"advertising services, targeted advertising, done-for-you marketing system, real results for gyms & studios, affiliate marketing",,None,HIGH - No product leadership
CellVoyant,http://www.cellvoyant.com,biotechnology,17,Bristol,United Kingdom,http://www.linkedin.com/company/cellvoyant,,"software engineering, life sciences, predictive analytics for cell fate, b2b, industrialize cell science",2021,None,HIGH - No product leadership
SDS Drives,http://www.sdsdrives.com,information technology & services,17,Bristol,United Kingdom,http://www.linkedin.com/company/sdsdrives,,"engineering, industrial automation, servicing, parker hannifin, technical knowledge",1996,None,HIGH - No product leadership
Absolute Performance,http://www.aperformance.co.uk,"health, wellness & fitness",17,Cardiff,United Kingdom,http://www.linkedin.com/company/absoluteperformance,,"home gyms, strength & conditioning equipment, gym equipment retail, gym flooring, team training facilities",2008,None,HIGH - No product leadership
techSPARK uk,http://www.techspark.co,information technology & services,16,Bristol,United Kingdom,http://www.linkedin.com/company/techspark-uk,,"technology, innovation, events, startups, tech",2014,None,HIGH - No product leadership
datalyse,http://www.datalyse.io,information technology & services,16,Cardiff,United Kingdom,http://www.linkedin.com/company/datalyse,,"technology, digital transformation, marketing, contact centre, call centre",2018,None,HIGH - No product leadership
Celf Creative,http://www.celfcreative.com,graphic design,16,Cardiff,United Kingdom,http://www.linkedin.com/company/celf-creative,,"interior branding amp design, graphic design, social media, digital marketing, packaging",2000,None,HIGH - No product leadership
Ubiquity Group,http://www.ubiquitygroup.co.uk,marketing & advertising,15,Cardiff,United Kingdom,http://www.linkedin.com/company/ubiquitygroup,,"communication, linkedin advertising, digital, design, website development",2005,None,HIGH - No product leadership
WebBox®,http://www.webbox.digital,design,15,Cardiff,United Kingdom,http://www.linkedin.com/company/webbox-digital,,"ui design, social ads, paid ads, google ads, email marketing",2008,None,HIGH - No product leadership
Method Resourcing,http://www.methodresourcing.co.uk,staffing & recruiting,14,Bristol,United Kingdom,http://www.linkedin.com/company/method-resourcing,,"recruitment, resourcing, it recruitment, business change recruitment, talent acquisition",2018,None,HIGH - No product leadership
Loopin,http://www.letsloopin.com,information technology & services,14,Bristol,United Kingdom,http://www.linkedin.com/company/lets-loopin,,"coaching, wellness, wellbeing, wellbeing resources, effective leadership tools",2020,None,HIGH - No product leadership
Cadence Resourcing,http://www.cadenceresourcing.com,staffing & recruiting,14,Bristol,United Kingdom,http://www.linkedin.com/company/cadence-resourcing,,"it strategy architecture, it infrastructure, risk amp compliance, business intelligence amp analystics, risk compliance",2007,None,HIGH - No product leadership
elix sourcing solutions,http://www.elix-solutions.com,staffing & recruiting,14,Bristol,United Kingdom,http://www.linkedin.com/company/elix-sourcing-solutions,,"software, it, recruitment, senior appointments, science",2018,None,HIGH - No product leadership
Simtec,http://www.simtecconsult.com,information technology & services,14,Cardiff,United Kingdom,http://www.linkedin.com/company/simtec-software,,"earthworks, data solutions, environmental, saas, laboratories",2021,None,HIGH - No product leadership
Illustrate Digital,http://www.illustrate.digital,information technology & services,14,Cardiff,United Kingdom,http://www.linkedin.com/company/illustrate-digital,,"ux design, website development, wordpress, woocommerce, website design",2013,None,HIGH - No product leadership
iQuila,http://www.iquila.com,information services,14,Cardiff,United Kingdom,http://www.linkedin.com/company/iquila,,"layer2, software design, network security, vpn, sase",2019,None,HIGH - No product leadership
WarmZilla,http://www.warmzilla.co.uk,consumer goods,14,Cardiff,United Kingdom,http://www.linkedin.com/company/warmzilla,,"home services, online sales, heating engineers, gas safe registered, home cover",2014,None,HIGH - No product leadership
Maxinity Software Ltd,http://www.maxinity.co.uk,information technology & services,13,Bristol,United Kingdom,http://www.linkedin.com/company/maxinity-software-limited,,"marking solution, high stakes exams, examination software, elearning, eosce",2003,None,HIGH - No product leadership
Wales Interactive,http://www.walesinteractive.com,computer games,13,Cardiff,United Kingdom,http://www.linkedin.com/company/wales-interactive,,"consultation, mentoring, finance, film, development",2011,None,HIGH - No product leadership
OptimiseAI,http://www.optimise-ai.com,information services,13,Cardiff,United Kingdom,http://www.linkedin.com/company/optimise-ai,,"data management, cost savings analysis, energy benchmarking, ai-driven insights, machine learning",2023,None,HIGH - No product leadership
Route Media,http://www.routemedia.co.uk,marketing & advertising,13,Cardiff,United Kingdom,http://www.linkedin.com/company/route-media,,"digital screens, advertising, digitaloutofhome advertising, marketing, digital hardware",2018,None,HIGH - No product leadership
Selligence,http://www.selligence.com,information technology & services,12,Cardiff,United Kingdom,http://www.linkedin.com/company/selligence,,"sales intelligence, predictive analytics, ai for businesses, marketing operations solutions, big data",2021,None,HIGH - No product leadership
Technology Connected,http://www.technologyconnected.net,nonprofit organization management,12,Cardiff,United Kingdom,http://www.linkedin.com/company/technology-connected,,"provide insight & knowledge into the electronic & software technologies industry in wales, create business opportunities for our members, develop the talent pool of people for the industry, ensure that member voices are heard within government, non-profit organizations",,None,HIGH - No product leadership
Pervade Software,http://www.pervade-software.com,information technology & services,11,Cardiff,United Kingdom,http://www.linkedin.com/company/pervade-software,,"nis directive, log management, availability monitoring, soc, cyber essentials",2009,None,HIGH - No product leadership
Wagonex.io,http://www.wagonex.io,automotive,11,Rhoose,United Kingdom,http://www.linkedin.com/company/wagonex,,"automotive, insurtech, technology, subscription, insurance",2016,None,HIGH - No product leadership
Sugar Creative,http://www.sugar.agency,media production,11,Rhoose,United Kingdom,http://www.linkedin.com/company/sugar-creative-studio,,"xr activations, vr games, branding, online marketing, augmented reality",2009,None,HIGH - No product leadership
Burbank Software,http://www.burbankdev.co.uk,information technology & services,11,Cardiff,United Kingdom,http://www.linkedin.com/company/burbank-dev,,"pin services, mobile solutions, pci cpoc, auth solutions, issuer solutions",2021,None,HIGH - No product leadership
BookingLive,http://www.bookinglive.com,information technology & services,11,Cardiff,United Kingdom,http://www.linkedin.com/company/bookinglive,,"emarketing, adventure booking system, appointment system, micro buisness, enterprise",2014,None,HIGH - No product leadership
Barford Owen Davies (BOD),http://www.barfordowendavies.co.uk,accounting,11,Cardiff,United Kingdom,http://www.linkedin.com/company/barford-owen-davies,,"accounting software implementation & migration, financing & trade sales, management accounts design & preparation services, preparation of financial information for mbos, part time or virtual finance director offering",2017,None,HIGH - No product leadership
AI Advanced Solutions,http://www.aiadvancedsolutions.com,information technology & services,11,Rhoose,United Kingdom,http://www.linkedin.com/company/aiadvancedsolutions,,"fraud prevention, custom ai solutions, deeptech api development, cloud migrations, ai agent development",,None,HIGH - No product leadership
EBC Global,http://www.ebcglobal.co.uk,information technology & services,10,Cardiff,United Kingdom,http://www.linkedin.com/company/ebc-global,,"software solutions, solutions for nhscare, screening, social media screening, global watchlists",2017,None,HIGH - No product leadership
AI & Big Data Expo,http://www.ai-expo.net,events services,1,Bristol,United Kingdom,http://www.linkedin.com/company/ai-world-series,,"machine learning, chatbots, business intelligence, ai development, automation",,None,HIGH - No product leadership
